What's your weirdest but surprisingly effective life hack that you swear by?,https://www.youtube.com/watch?v=QRNlAQvyCqA
What is the best case of “Just because it’s popular it doesn’t mean that it’s good” ?,https://www.youtube.com/watch?v=Gu3Dbmmns48
[ #NSFW ] What did you accidentally learn about someone else’s sex life?,https://www.youtube.com/watch?v=BNjrsrqwssE
[ #NSFW ] Do you regret watching porn together with your partner? Why/Why not?,https://www.youtube.com/watch?v=iUrxZ2vAMbQ
Men of Reddit what is the dumbest reason someone used to label you as a creep?,https://www.youtube.com/watch?v=HSnMzn-TirA
What is something that a teenager doesn't realize until they are around 25 years old?,https://www.youtube.com/watch?v=vMoY9JvmkJQ
A nuclear bomb is set to drop at your area in the next 30 minutes What’s your plan?,https://www.youtube.com/watch?v=W0LkUMHv-Zs
What is an 'expensive' item that actually is worth spending a little extra on?,https://www.youtube.com/watch?v=zLgHqwZMG4k
What has lost its value due to its increasing cost and is no longer deemed worthwhile?,https://www.youtube.com/watch?v=O3go0JckT0I
What's something you did that you later found out was illegal?,https://www.youtube.com/watch?v=UNA03MQYGxk
If you could call yourself five years ago and had one minute what would you say?,https://www.youtube.com/watch?v=CmmO_OGRYag
What's the clearest example of 'I'm insecure and I'm trying to make up for it' you've ever seen?,https://www.youtube.com/watch?v=E_cuuZKEhkI
Those who have died before what did it feel like and how did you die?,https://www.youtube.com/watch?v=4-wbYlOtSmQ
If you win a lottery and quit your job what would you say to your boss before quitting?,https://www.youtube.com/watch?v=hF8Z175NpVQ
What’s something you didn’t realize was messed up until you were older?,https://www.youtube.com/watch?v=Yy6Nepw1CxA
What’s a simple sign that someone is rich?,https://www.youtube.com/watch?v=XW4-Pw-1XtQ
What’s a double standard you can’t stand?,https://www.youtube.com/watch?v=6YDrawducOQ
What is a song everyone knows the chorus/small bit of lyrics to but no one knows the rest of...,https://www.youtube.com/watch?v=Aw5l1uvva0g
What are some mysterious cult-like bad-vibes towns across the USA?,https://www.youtube.com/watch?v=YA4DQrSJJi0
What are some unethical but legal ways to make good money?,https://www.youtube.com/watch?v=6s-YjBr2ohE
[ #NSFW ] What’s the most inappropriate joke that you can’t help but laugh when you hear it?,https://www.youtube.com/watch?v=cvoR02cbwn4
Which celebrity endorsed a product that was complete crap?,https://www.youtube.com/watch?v=GFBLb9TXug4
Flyers who always choose window seat and then keep the window closed the entire flight why?,https://www.youtube.com/watch?v=Pq9E66xUIoI
Which movie has the best ending of all time?,https://www.youtube.com/watch?v=TSWR4HcfZbw
Which YouTube channel embodies the phrase 'quality over quantity' the most?,https://www.youtube.com/watch?v=bHqUSFddCEo
What are some most accepted health myths?,https://www.youtube.com/watch?v=Jwsyc63nr8g
What items do you see in grocery stores that you cannot believe people actually purchase?,https://www.youtube.com/watch?v=wxUoHjZJgAA
What hobby in men gives you “green flag” vibes?,https://www.youtube.com/watch?v=aMC4mqEZ8p4
What something tourists do in your country that you hate?,https://www.youtube.com/watch?v=hjZ6nAseIM8
What's the most toxic fan base you've encountered?,https://www.youtube.com/watch?v=h0hnXldBd24
What are some examples of people causing harm under the guise of 'doing good'?,https://www.youtube.com/watch?v=4M89_jolFGQ
What website from the 90s/2000s do you miss the most?,https://www.youtube.com/watch?v=m2B9DndnYbs
Couples over 40 and childless how has life turned out for you? Do you regret not having children?,https://www.youtube.com/watch?v=YWQc0WT_6LQ
How do you feel about Jon Stewart returning to The Daily Show after 9 years away?,https://www.youtube.com/watch?v=MJY0zItkQSA
People who travel what is an immediate red flag in hotels?,https://www.youtube.com/watch?v=SlXNy9BJm1Q
Women what is a surprising fact you discovered about men?,https://www.youtube.com/watch?v=latnaj6OXTg
What’s the best response to “go back to your country”?,https://www.youtube.com/watch?v=YwN_m3nlU3A
What’s one modern fad that people in the future will look back and cringe at?,https://www.youtube.com/watch?v=2Lxt4n0bXmk
What are you starting to dislike more as you get older?,https://www.youtube.com/watch?v=9hzFgux5774
Who's an example of 'You either die a hero or live long enough to see yourself become the villain'?,https://www.youtube.com/watch?v=xDhBIjURkkQ
Who is the biggest attention whore of all time?,https://www.youtube.com/watch?v=XbryPZbbELQ
What TV show you can rewatch endlessly and never get tired of?,https://www.youtube.com/watch?v=IeFk7LO9o80
What is the most basic thing you are terrible at?,https://www.youtube.com/watch?v=uQewvweBIPs
What's a phrase that people say that really annoys you?,https://www.youtube.com/watch?v=8BKeGRbG5Fg
What's the most egregious liberty Hollywood has taken while claiming 'Based on a true story'?,https://www.youtube.com/watch?v=X6DB94zUByI
What is something that is accepted for members of the opposite sex to do but not your own sex?,https://www.youtube.com/watch?v=m3AARK_3PSY
What’s a lyric you always sing out-loud?,https://www.youtube.com/watch?v=0IUyo3EIGm0
What company is next likely to go in the next 5 years?,https://www.youtube.com/watch?v=QpotDxMSGFs
What episode nearly destroyed the whole series?,https://www.youtube.com/watch?v=VUGJUwjV0-4
People that wake up at around 4 or 5 A.M why?,https://www.youtube.com/watch?v=3oXzA44Qg8E
What is a big animal you are 100% certain you can defeat in a fight with your barehands?,https://www.youtube.com/watch?v=qiA5AFJdMX4
What is a real proven fact that sounds like impossible fantasy bullshit?,https://www.youtube.com/watch?v=ehuO1pI_VvY
Have you talked to someone for less than a minute and realized you wouldn't get along?,https://www.youtube.com/watch?v=_vc31hqZhE0
What was free when you were a kid that costs money now?,https://www.youtube.com/watch?v=9R4gwm7ZQFI
What did you think was a “weird quirk” you had that turned out to be a mental/physical health issue?,https://www.youtube.com/watch?v=M3zi3nHJj6Q
What's something unconventional/harmless that if used as a method of torture would make you crack?,https://www.youtube.com/watch?v=YQfoqAk9FuI
What’s a story you rarely tell in person for fear of people not believing you?,https://www.youtube.com/watch?v=DTLUPww_lhA
What are the stupidest things people overspend on in the U.S.?,https://www.youtube.com/watch?v=1FW7QnJ51PA
What has been the worst adult tantrum you've seen?,https://www.youtube.com/watch?v=8GdHkwXHNko
Whats a movie most people completely missed the point on?,https://www.youtube.com/watch?v=swUMuMKYfUY
What is the most brainwashed cult in the world?,https://www.youtube.com/watch?v=C296Z4geaX8
What early 2000's song is still a banger?,https://www.youtube.com/watch?v=-iZKHRP3MoQ
What interesting (but simple) facts would satisfy a 4-year-old daughter's daily request for 1 fact?,https://www.youtube.com/watch?v=W2tuw8AYMSk
What Would Have Been Different If The Covid Pandemic Happened In The 90s?,https://www.youtube.com/watch?v=k2EaE9gH7-M
People who have had an “I’m going to marry this person” instinct - what happened?,https://www.youtube.com/watch?v=CjklfNygnkA
People who won “a lifetime supply” of something what was it and how long did it actually last?,https://www.youtube.com/watch?v=5C1wngh6pvs
What’s the dumbest beauty standard you’ve ever heard of?,https://www.youtube.com/watch?v=xAwn8m9v9kw
What gadget do you have that's worth less then $150 but you couldn't live without?,https://www.youtube.com/watch?v=439MczHCXR8
People who quit without notice what straw broke the camel's back?,https://www.youtube.com/watch?v=cSbrweoZezQ
[ #NSFW ] What is the male equivalent of becoming a stripper to make it through hard times?,https://www.youtube.com/watch?v=v2de4cU8euA
What is the dumbest brand name that somehow worked out for itself?,https://www.youtube.com/watch?v=14tOv_sQWVI
What is the most disgusting thing you have ever put in your mouth?,https://www.youtube.com/watch?v=WDp6npUNPjU
What is your favorite insult that doesn’t involve curse words?,https://www.youtube.com/watch?v=sA38icQAN3s
What's some stupid financial purchases u have seen people making and regretting later on?,https://www.youtube.com/watch?v=_jzMTX6T6Fk
Which celebrity or public figure deserves a HUGE apology?,https://www.youtube.com/watch?v=hLw_uuyr9QE
What’s some dark shit going on around the world right now that public knows nothing about?,https://www.youtube.com/watch?v=VzCtU4KXVSI
What is a name you just don't hear anymore?,https://www.youtube.com/watch?v=6gTlLs5rjiM
What's the greatest conspiracy theory of all time?,https://www.youtube.com/watch?v=5j5ptSiFCzQ
What things are legal but you think should be illegal?,https://www.youtube.com/watch?v=fEOnNPAeI4E
What fact about world history pisses you off the most?,https://www.youtube.com/watch?v=8gCc1peMij4
What’s something incredibly stupid everyone does?,https://www.youtube.com/watch?v=EZU7lXLEohk
“If purchase isn't ownership then piracy isn't theft” what are your thoughts on digital downloads?,https://www.youtube.com/watch?v=zoCnVVcLFo4
What is a genetics fact that not a lot of people know?,https://www.youtube.com/watch?v=pkFf7o9vmpk
What is the worst thing a YouTuber has done?,https://www.youtube.com/watch?v=H6b2Bawdxsk
[ #NSFW ] What sexual stuff will you never ever try?,https://www.youtube.com/watch?v=MH2iceaAZZY
What's a song that just says to you 'Ah yes the 80s!'?,https://www.youtube.com/watch?v=RUgnRuIjt5Y
Which celebrity do you think gets too much unwarranted hate?,https://www.youtube.com/watch?v=-G8uEiG89gI
What if 9/11 never happened?,https://www.youtube.com/watch?v=xHrssfb3ueo
What 'rich person foods' actually aren't very good?,https://www.youtube.com/watch?v=bGKPyIhRPdU
What's so blatantly obvious but people still refuse to see it?,https://www.youtube.com/watch?v=2USydVYqFR0
What disgusting habit have you learned to overlook in a spouse?,https://www.youtube.com/watch?v=LSYWPFpH40A
What’s a wild #NSFW fact that you know?,https://www.youtube.com/watch?v=-bU_z9OcBb8
What's an actual victimless crime?,https://www.youtube.com/watch?v=YOabK7WdiB8
What movie was better than it had any right to be?,https://www.youtube.com/watch?v=KicAE_YPycE
People who know someone who won the lottery how did they change?,https://www.youtube.com/watch?v=7GXL6nVAsb0
What job today is performed mostly the same as it was 100 years ago?,https://www.youtube.com/watch?v=jvbPIm4mXO4
What's the most taboo topic you think should be openly discussed?,https://www.youtube.com/watch?v=dkbc4n3rikY
What double standard in society goes generally unnoticed or without being called out?,https://www.youtube.com/watch?v=A0CQu-n4aE4
What's a completely random fact no one asked for?,https://www.youtube.com/watch?v=qFo1x3vGATg
What are some professions where you can earn a lot of money but the barriers to entry aren’t that,https://www.youtube.com/watch?v=aIW79Ut9554
Which country has changed the most drastically in the last 50 years?,https://www.youtube.com/watch?v=rktY3UdjRgI
What was your biggest misconception when it comes to aging?,https://www.youtube.com/watch?v=FmINdFu89Ro
What will 10 pushups a day do?,https://www.youtube.com/watch?v=C6k5Bp63nQs
What do people believe is a myth but is actually true?,https://www.youtube.com/watch?v=eGfmqo2G_Hw
What’s something that’s illegal but is the right thing to do?,https://www.youtube.com/watch?v=_W9CIy27T3s
Those of you who purchased a profile pic for $49.99… Why?,https://www.youtube.com/watch?v=ljUpbln-uFk
What happened to the smartest kid in your class?,https://www.youtube.com/watch?v=gL0S60r936c
[ #NSFW ] What's the best example of 'If it exists there's porn of it.' ?,https://www.youtube.com/watch?v=8gUedQF9uR8
People who shave their pubes: How do you deal with the infuriating itching in the following days?,https://www.youtube.com/watch?v=CApgw3YWCDE
You are to be executed but the judge allows you to complete any game. Which game you picking?,https://www.youtube.com/watch?v=P0WvAKQk69Y
What's the most blatant piece of hypocrisy you have ever seen?,https://www.youtube.com/watch?v=YhPv2hg9zFw
What's a song lyric you always sing incorrectly even though you know it's wrong?,https://www.youtube.com/watch?v=c6277eLbaMs
What are some things school definitely does not teach you in sex education?,https://www.youtube.com/watch?v=KxJtJAYI2mQ
What does childbirth actually feel like?,https://www.youtube.com/watch?v=B80AoqqMNBo
Parents of reddit what is the scariest thing your child said to you or to someone?,https://www.youtube.com/watch?v=PRrjaiJXPVE
What’s the one thing you never told your ex?,https://www.youtube.com/watch?v=afGpAmL5GWI
Which celebrity gives you 'I made a bargain with my soul' vibes?,https://www.youtube.com/watch?v=lCXRW-TdWCM
Which celebrity completely disappeared from the public eye?,https://www.youtube.com/watch?v=Lh6gFUoZDhs
Who is the hottest person you don't find attractive?,https://www.youtube.com/watch?v=oVVKu00otmA
What's a technological 'innovation' that's actually worse than its predecessor?,https://www.youtube.com/watch?v=HRhGGEpVUQI
What's the most ridiculous obvious lie ever told by a political leader?,https://www.youtube.com/watch?v=T_89Imhy1zI
What is something you do in hotel room you never do at home?,https://www.youtube.com/watch?v=lx0lyWOJvhg
What is a quote that has always stuck with you?,https://www.youtube.com/watch?v=kwBrxHumbbE
What's your profound life lesson from a mundane moment?,https://www.youtube.com/watch?v=njmorAuqxTQ
[ #NSFW ] What trick did you learn from porn and it actually went well when attempting?,https://www.youtube.com/watch?v=FHdRGudAFEw
How will you react if Joe Biden becomes president again?,https://www.youtube.com/watch?v=nPxNbK9HBBA
What’s the creepiest thing you’ve seen in broad daylight?,https://www.youtube.com/watch?v=LbOURmN2Ylc
What's some common advice that's actually terrible?,https://www.youtube.com/watch?v=WeWHWxMyulQ
Those who got a “useless degree” what do you do now?,https://www.youtube.com/watch?v=XtzL-uGwB2I
History's pivotal event: caused by time traveler? Your guess?,https://www.youtube.com/watch?v=ZOZMVPe6PKY
What is the most common hygiene mistake that people make?,https://www.youtube.com/watch?v=iHpliLqE2uM
What's your most unexpectedly genius decision made on a whim?,https://www.youtube.com/watch?v=YsJjXrYxv68
How can people afford to participate in grand jury trials that take 12-18 months?,https://www.youtube.com/watch?v=aQe3W1ik-DI
How will you react if Donald Trump becomes president again?,https://www.youtube.com/watch?v=hp0L1ZgCplk
What’s a common rule that you break regularly because you fundamentally disagree with it?,https://www.youtube.com/watch?v=9RfvCDuoLoA
What precautionary measure did you take thinking 'just to be safe' that unexpectedly ended up...,https://www.youtube.com/watch?v=t9k7WElz_ic
What country has the craziest rebranding ever and why?,https://www.youtube.com/watch?v=s1hZ6NmBkrk
[ #NSFW ] What’s the best thing you saw at a strip club?,https://www.youtube.com/watch?v=zti4RvYfQgs
Which musician did you stop listening to because you found out they sucked as a person?,https://www.youtube.com/watch?v=lQqrcl7HyN4
What’s the scariest thing you’ve seen with your own eyes?,https://www.youtube.com/watch?v=Sef6iSWRPck
What item is now so expensive the price surprises you every time you buy it?,https://www.youtube.com/watch?v=JD3vupkfUFU
What product sounds very good on paper but in reality is very stupid?,https://www.youtube.com/watch?v=zTM6wDe8Wqk
What's the most obvious hint you dropped and other person still didn't get it?,https://www.youtube.com/watch?v=wHa9ySn0fdE
You're having a conversation what is a common phrase that makes you want to stop and get away?,https://www.youtube.com/watch?v=LSjXSZCCn4I
What was the worst case of rich kid syndrome you've ever seen?,https://www.youtube.com/watch?v=EWCdKT2X8Lg
What is something people are clueless about but love to be 'experts' on?,https://www.youtube.com/watch?v=Etf4Yt20EcM
Couples that are child free by choice how’s it going?,https://www.youtube.com/watch?v=I6Xg8umaCoU
[ #NSFW ] What was a total game-changer in your sex life?,https://www.youtube.com/watch?v=YrVI-lyIbYQ
[ #NSFW ] What are some unwritten unspoken rules of sex?,https://www.youtube.com/watch?v=-jN8A88hZ54
[ #NSFW ] Fast food workers of reddit what's the most nsfw thing your colleague did during work?,https://www.youtube.com/watch?v=UNtkVepMum0
What's the most hilariously unexpected plot twist you've encountered in real life?,https://www.youtube.com/watch?v=tVNMvki0ZBg
What celebrity rumor did you hear privately long before the news broke?,https://www.youtube.com/watch?v=DASU5PBQI_o
Men/Women who slept with another person KNOWING the other person had a BF/GF how did you feel?,https://www.youtube.com/watch?v=w7xR_ZDZFBY
When your spouse leaves for a week or so what’s the first thing you adjust about your house?,https://www.youtube.com/watch?v=1qw1STqJTsU
What’s the most inappropriate thing you’ve seen a teacher do or say?,https://www.youtube.com/watch?v=602eAb9MCTE
What's the most mind-bending fact you've learned that made you question everything you knew?,https://www.youtube.com/watch?v=7zUVmXJryGk
What movie is a 10/10?,https://www.youtube.com/watch?v=em9Hwdb2fWI
What unexpected hobby have you picked up that surprisingly brings you a lot of joy?,https://www.youtube.com/watch?v=z1m63YEHn8U
What’s the weirdest thing you’ve seen at a friend’s house that they thought was completely normal?,https://www.youtube.com/watch?v=gD8eGRGxkHI
What product is a massive scam that everyone buys into?,https://www.youtube.com/watch?v=6DOlYTlVO-w
What's something that shouldnt be googled?,https://www.youtube.com/watch?v=xGTC_WaKSkQ
What is a trend that you wish would die?,https://www.youtube.com/watch?v=_CBjIMeZc8M
What’s your favorite euphemism for “I screwed up?”,https://www.youtube.com/watch?v=Kl458yq7wxo
[ #NSFW ] What's something you like watching in porn but you'd never want to try in real life?,https://www.youtube.com/watch?v=iz6zGRNcOq0
What is the most ridiculous song lyric you've ever heard?,https://www.youtube.com/watch?v=fRVru9I2TBw
What common product has a feature you’re not sure everyone is aware of?,https://www.youtube.com/watch?v=K6B_EviEbZ8
What are some insane facts about Mt. Everest?,https://www.youtube.com/watch?v=jpOZ9hJkbK0
What's a non-obvious life hack that's improved your daily routine significantly?,https://www.youtube.com/watch?v=bLSWOe_9KuQ
If you could learn the truth behind 1 murder case or missing person. Who would it be and why?,https://www.youtube.com/watch?v=vX9J3EoJbWk
Who is the most widely beloved American currently alive?,https://www.youtube.com/watch?v=LD_gaaik-6U
Who do you think best represents the idea that “money can’t buy class”?,https://www.youtube.com/watch?v=vmLBPtO2_h8
People who chose single life. How‘s life after 50?,https://www.youtube.com/watch?v=O3da2zbLhKM
Homeowners what's 1 thing you learned in the home buying process that you wish you knew beforehand?,https://www.youtube.com/watch?v=qWRSelKi3NU
[ #NSFW ] How do you think internet porn will evolve in the next ten years?,https://www.youtube.com/watch?v=BPE11yL7l4w
[ #NSFW ] What seemingly innocuous thing is guaranteed to make you super horny?,https://www.youtube.com/watch?v=Ug4_BZI5v4A
Which criticism of 'the kids today' is actually totally totally valid?,https://www.youtube.com/watch?v=XbFxz67-OKU
What's a fact you wish more women knew about men?,https://www.youtube.com/watch?v=tGUy7KRIAJQ
What's a small everyday inconvenience that you believe should have been solved by now?,https://www.youtube.com/watch?v=pPZWRoz_2_c
What is an extremely dark/creepy true story that most people don't know about?,https://www.youtube.com/watch?v=NwrmTnZ-Cl8
[ #NSFW ] What is some cringe shit you did the first time you attempted to have sex?,https://www.youtube.com/watch?v=A5HmF2_0LKc
What is the most subtle way to say “fuck you” to someone?,https://www.youtube.com/watch?v=K9JiX6uJQeY
What is one thing that we are using a lot that will become scarce in the next 5 to 10 years?,https://www.youtube.com/watch?v=wuywl63v66c
What did you become addicted to after trying it?,https://www.youtube.com/watch?v=DX69K28nbEg
What is the clearest case of 'living in denial' you've seen?,https://www.youtube.com/watch?v=DxqSyVA5dds
What is the most disturbing thing you saw on tv?,https://www.youtube.com/watch?v=bM07o4-yFs8
What is the greatest unsolved mystery of all time?,https://www.youtube.com/watch?v=Ik-QvS6VRYM
What are the darkest lyrics ever written?,https://www.youtube.com/watch?v=ea8kEOBAgRc
What are you 100% sure is true even though you can't prove it?,https://www.youtube.com/watch?v=P4tfm1JJ7Uk
Europeans what's the most stupid thing an American has said to you? And Americans what's the...?,https://www.youtube.com/watch?v=kHXhV9kSM4E
You are forced to retire right now with the money you have in savings where are you headed for...?,https://www.youtube.com/watch?v=1JlF26nFr88
[ #NSFW ] What’s the most awkward thing someone has said to you right after sex?,https://www.youtube.com/watch?v=aTo5ciZuVyA
What biological fact about the other sex did you not know until quite recently?,https://www.youtube.com/watch?v=GNrw3EsMosw
What is the best SNL skit of all time?,https://www.youtube.com/watch?v=T6x7ungCrLg
What remnants of the early World Wide Web are left?,https://www.youtube.com/watch?v=_Fd-hSbeJKU
What is a myth you are tired of hearing people think is true?,https://www.youtube.com/watch?v=mmDoZR8erSM
[ #NSFW ] How does one get better at sex as a man especially with limited partners?,https://www.youtube.com/watch?v=QOPZYDP7I5M
People who don’t normally listen to country what is that one country song that you absolutely love?,https://www.youtube.com/watch?v=hYyDR1FX81w
People always talk about dead end jobs but what are some dead end lifestyles?,https://www.youtube.com/watch?v=IuSHKHwXoW4
What app is a red flag if you see it in a person's phone?,https://www.youtube.com/watch?v=m1irEtsmsXE
What are some gruesome facts about pregnancy/childbirth/postpartum that not many people know?,https://www.youtube.com/watch?v=AR1i2cPAt-U
What's the most bizarre way you found out that your SO is cheating/not totally being honest to you?,https://www.youtube.com/watch?v=XtkuJeIruqM
What is a sound that people should know means immediate danger?,https://www.youtube.com/watch?v=GIVA4r03q1I
Those that did a DNA test what's the most bizarre/shocking thing you have discovered?,https://www.youtube.com/watch?v=67jtwNJZzHw
What's a genuinely good company that isn't just greedy?,https://www.youtube.com/watch?v=fR1mEJCY35A
[ #NSFW ] She hooked up with FWB on the same days we went on dates?,https://www.youtube.com/watch?v=LNxvY2Gd2Eo
What’s something that’s painfully obvious but people will never admit?,https://www.youtube.com/watch?v=CI0hQ5SmhsQ
What's something you don't agree with but you understand why people think that way?,https://www.youtube.com/watch?v=uE13gKSgkTA
[ #NSFW ] Married people who revived a dead sex life - how'd you do it?,https://www.youtube.com/watch?v=fkf8cJvjG9k
What's claimed as a 'masterpiece' by the whole world but you don't just get why?,https://www.youtube.com/watch?v=kDkMo0V7kz0
Who has most successfully milked what should have been 15 minutes of fame?,https://www.youtube.com/watch?v=UdtuyXlhuZA
Which well-known song is commonly perceived as cheerful but actually has darker undertones?,https://www.youtube.com/watch?v=7Hn63QH_jgY
What type of death was common 100+ years ago that is very rare today?,https://www.youtube.com/watch?v=vXvZ_cFxo10
What scams are obvious to you that others seem unaware of?,https://www.youtube.com/watch?v=nTNi7QhtXI4
[ #NSFW ] How similar is the porn you masturbate to to the sex you actually have?,https://www.youtube.com/watch?v=Tf18RD4AinA
What secret is OK/acceptable to keep from a partner in a marriage?,https://www.youtube.com/watch?v=wqp5yqnf6fU
Who's one actor or actress that had an American accent and you were surprised they weren't American?,https://www.youtube.com/watch?v=Efn4YmbR08Q
What piece of history is deliberately being erased from existence?,https://www.youtube.com/watch?v=b2NwlRp3Rcs
People who have reached a 9 or 10 on the pain scale what happened?,https://www.youtube.com/watch?v=hGaMLbM-H-o
What is something that used to be affordable 10 years ago but now is criminally overpriced?,https://www.youtube.com/watch?v=P4kD81NIp94
What are some terrifying human body facts?,https://www.youtube.com/watch?v=fx3r3HPbsYw
What words or phrases do people use wrong—either in writing or in the spoken word—that irk you most?,https://www.youtube.com/watch?v=CpeHZ_9WOSg
What's the most unexpectedly romantic or sensual experience you've had that still makes you smile?,https://www.youtube.com/watch?v=Iieab7zoKWQ
[ #NSFW ] What are your best male masturbation tips?,https://www.youtube.com/watch?v=d8__Tpqx60E
[ #NSFW ] What's something sexual that you didn't expect to enjoy as much before you tried it?,https://www.youtube.com/watch?v=H8b4teY45sI
What are some unsaid first date rules everyone should know ?,https://www.youtube.com/watch?v=S0bc3vGUahQ
If you woke up tomorrow a billionaire what would you do with the money?,https://www.youtube.com/watch?v=44y_zUZURMc
Girls who get hit in the cervix what’s it like?,https://www.youtube.com/watch?v=A-g9lZ2ZrPo
What is the most expensive useless thing you have ever bought?,https://www.youtube.com/watch?v=LyBeliW69OY
What is your horror story from DNA tests like 23andMe?,https://www.youtube.com/watch?v=c7cmGms8sZI
What’s the dumbest thing someone’s ever said to you with complete seriousness?,https://www.youtube.com/watch?v=ql1YlTRaNis
What’s a product that has a premium version that is really no different than the basic version?,https://www.youtube.com/watch?v=YG_TnPhFXJI
What’s a fact that could save your life?,https://www.youtube.com/watch?v=RLX1DxYaTUw
If you have a chance to talk your 15y/o self what would you say?,https://www.youtube.com/watch?v=8DuKV0KaGAU
During your toughest moments which saying or phrase has kept you going?,https://www.youtube.com/watch?v=FOO31iT3kjM
What are some unwritten social rules everybody should know?,https://www.youtube.com/watch?v=KTQe04ILwBQ
Who is the most famous person you've personally met?,https://www.youtube.com/watch?v=s_AQbkqruJA
[ #NSFW ] Former porn addicts how did you get out of it?,https://www.youtube.com/watch?v=3O4aaV6yZx4
What did we not learn from the Covid pandemic that we really should have?,https://www.youtube.com/watch?v=OY0f0_Jbl8M
Americans of Reddit what do Europeans have everyday that you see as a luxury?,https://www.youtube.com/watch?v=uudEOhLKDpI
[ #NSFW ] People who broke up because of sexual incompatibility what happened after the break up?,https://www.youtube.com/watch?v=8pclNdxZzvE
What is the most disturbing fact about the Universe?,https://www.youtube.com/watch?v=1q-w3xId6cM
What high profile person was ruined for trying to do the right thing?,https://www.youtube.com/watch?v=0wKEM0DS46c
What’s a lie too many people believe?,https://www.youtube.com/watch?v=30k4hXfwVUk
[ #NSFW ] What's the best place to hide sex toys when you still live at home?,https://www.youtube.com/watch?v=Gt2xDAgtIKM
[ #NSFW ] What's the best non-sexual orgasm-like feeling?,https://www.youtube.com/watch?v=LxAF-9hrik0
If you were paid $300 per hour to play a game but you could only play one which would you choose?,https://www.youtube.com/watch?v=aAE87plnwcs
What is something you predict will happen in 2024?,https://www.youtube.com/watch?v=jvQUWNpFFIY
[ #NSFW ] What is something you wish your school would have taught in Sex Ed?,https://www.youtube.com/watch?v=NpKKb0XjT6k
Somebody's breaking into your house right now what's your immediate action?,https://www.youtube.com/watch?v=p1RDmZldvVI
What hobby is an instant red flag?,https://www.youtube.com/watch?v=6QoMhgyqRm4
What used to be a common household item that’s rare now?,https://www.youtube.com/watch?v=S10hkyc3POI
[ #NSFW ] Do you pee before or after masturbation and why?,https://www.youtube.com/watch?v=Moj7QlqTlsM
What is the scariest fact you know?,https://www.youtube.com/watch?v=R1MM1YgsrZ0
Which old wives' tale is actually true?,https://www.youtube.com/watch?v=iFqxTC2kD9Q
What used to be a common household item that’s rare now?,https://www.youtube.com/watch?v=C0t44-lPShE
What’s something you stopped buying because it became just so expensive to have it anymore?,https://www.youtube.com/watch?v=hlD1BWVNqeo
What’s the craziest WW2 fact that you know of?,https://www.youtube.com/watch?v=u5eUmKN_rHg
Why are you still alive today?,https://www.youtube.com/watch?v=z_TABvIXMh4
What was your biggest fuckup this year?,https://www.youtube.com/watch?v=fOzvDCaAejE
What’s a terrifying fact about space?,https://www.youtube.com/watch?v=yP3mLYtMal0
What’s one product from your country that you’re surprised hasn’t become more popular?,https://www.youtube.com/watch?v=6mrx3JXPhNI
What’s the adult version of being picked last in gym class?,https://www.youtube.com/watch?v=TmJaKtK8bZc
What is the most tragic announcement that was made at your high school?,https://www.youtube.com/watch?v=PjhVl6-Q2zw
What really successful person was ruined by 1 stupid thing they said?,https://www.youtube.com/watch?v=m-BgIIi4kKI
What people are you absolutely convinced are on the Epstein list?,https://www.youtube.com/watch?v=joUjVe4k-20
What is the funniest joke you’ve been told that you still think about to this day?,https://www.youtube.com/watch?v=LSBrEE0qfJc
What is something you’re convinced people claim to enjoy but don’t actually?,https://www.youtube.com/watch?v=gIFM-Upf4bg
What Should Millennials Kill Off Next?,https://www.youtube.com/watch?v=oY0sQIuceno
What’s a job that only exists because people are stupid?,https://www.youtube.com/watch?v=WegHimC6TTI
What is the funniest joke you’ve been told that you still think about to this day?,https://www.youtube.com/watch?v=7U9kq8hx9Ss
How have you almost died?,https://www.youtube.com/watch?v=xRHj1jYPFzY
What really successful person was ruined by 1 stupid thing they said?,https://www.youtube.com/watch?v=NE34l28Q0P0
What people are you absolutely convinced are on the Epstein list?,https://www.youtube.com/watch?v=UQLEm5MwISc
What is a man made object that was 100% created due to a fear of something?,https://www.youtube.com/watch?v=tQTuhN2BkZw
What criminal committed an almost perfect crime and what was the thing that messed it up?,https://www.youtube.com/watch?v=zKf8Oe_atWU
[ #NSFW ] What is your best dating or sex advice for someone inexperienced?,https://www.youtube.com/watch?v=UwHx90KWxaI
Which celebrity do you truly hate to the point that you will just not partake in their content?,https://www.youtube.com/watch?v=Uz5rTlcANGc
What is the most tragic announcement that was made at your high school?,https://www.youtube.com/watch?v=ZGb5mtuKc7c
What’s something you have that the richest man in the world doesn’t?,https://www.youtube.com/watch?v=ZYX5HR7fTAs
What is a monthly subscription that is worth every penny?,https://www.youtube.com/watch?v=_672cpgzQcY
What is an unappreciated or forgotten song from the 90s?,https://www.youtube.com/watch?v=SK3nRMEbTEg
Which cancelled celebrity were you previously a fan of?,https://www.youtube.com/watch?v=ATRtpZPEzd4
[ #NSFW ] What's the most backhanded compliment you've received during sex?,https://www.youtube.com/watch?v=UpS4-mvLo2c
What's an outdated technology you will never stop using?,https://www.youtube.com/watch?v=yOaEnh8eMgc
What's your country biggest flex on the rest of the world?,https://www.youtube.com/watch?v=vmIDUUpjPMw
What's something people do that screams "I'm looking for attention'"?,https://www.youtube.com/watch?v=wjCyqSwUwbM
What's your country biggest flex on the rest of the world?,https://www.youtube.com/watch?v=ySWve5C4FYo
What is the biggest problem with modern dating?,https://www.youtube.com/watch?v=52sSDrx_5h4
What’s a piece of regular household maintenance most people don’t know?,https://www.youtube.com/watch?v=KYXIe86HYWs
What are the professions that most people think is hard but actually isn’t?,https://www.youtube.com/watch?v=WcDbMi5-sxA
What's the wittiest pick-up line you've ever heard or crafted?,https://www.youtube.com/watch?v=If7VviPD42I
[ #NSFW ]  What was the post orgasm clarity that hit the hardest in your life?,https://www.youtube.com/watch?v=tbMjcv091K8
What's the greatest opening line to a song?,https://www.youtube.com/watch?v=knGudFggCyU
[ #NSFW ] What's the biggest mistake you've made while horny?,https://www.youtube.com/watch?v=WWITqHCb41Y
People over 40 what's one thing you regret the most in your younger years?,https://www.youtube.com/watch?v=RLQ6nRbpA6c
if you woke up and discovered you and your significant other had swapped bodies what’s the first,https://www.youtube.com/watch?v=4bDjG2bNsPk
What's the greatest opening line to a song?,https://www.youtube.com/watch?v=9bKsO6BSRMo
People over 40 what's one thing you regret the most in your younger years?,https://www.youtube.com/watch?v=Nwp65L6izjQ
What is the craziest secret you found out?,https://www.youtube.com/watch?v=a6aAXIdpqDo
What’s quietly disappeared in the past 20 years without many people noticing?,https://www.youtube.com/watch?v=H3yGHxylNNE
[ #NSFW ] What/who do you think of most often when you masturbate?,https://www.youtube.com/watch?v=5S71-STJeo8
What's something that sounds completely illogical but is actually correct?,https://www.youtube.com/watch?v=H_RGh9679q8
What’s an immediate red flag that you are in a dangerous neighborhood?,https://www.youtube.com/watch?v=2f7VaUi_Jzk
What profession is held in high regard that shouldn't be?,https://www.youtube.com/watch?v=s_c9h_zTbWQ
Medical workers of Reddit what were the most haunting last words you’ve heard from a patient?,https://www.youtube.com/watch?v=QHZQKM_8exE
Who are the 'Greatest of all times' in their respective fields that are still living?,https://www.youtube.com/watch?v=2_N1x0G2DJA
What is the scariest story that you know of with actual photographic proof?,https://www.youtube.com/watch?v=ppcMqiwf0EA
You can permanently change the price of one item to $1 what is it?,https://www.youtube.com/watch?v=HlAGnE6Yts0
[ #NSFW ] Guys who received unsolicited female nudes what happened?,https://www.youtube.com/watch?v=Apf7EmvK8TY
What’s a musical hill you’re willing to die on?,https://www.youtube.com/watch?v=jiO1FFb4KEY
What thing did your family do as a kid that you later learned wasn't normal (cook roadkill etc..)?,https://www.youtube.com/watch?v=HyJjY0hqi7Q
What was hugely hyped up but flopped?,https://www.youtube.com/watch?v=6yw0e3AxVSY
What is the most overrated travel destination?,https://www.youtube.com/watch?v=YaxjTZRM8xc
What is a small everyday decision you made that unexpectedly changed your life for the better?,https://www.youtube.com/watch?v=ntxy9OkIlHg
What place is the biggest tourist trap?,https://www.youtube.com/watch?v=kBjU3nBurA0
[ #NSFW ] What’s the hottest thing a partner has ever said during sex? And why?,https://www.youtube.com/watch?v=dzEU-d3Q5PU
Who is the actor who played a villain so well you still hate them?,https://www.youtube.com/watch?v=FYGHFmG7DH0
What’s the most devastating thing your spouse/partner/SO has ever said to you?,https://www.youtube.com/watch?v=46keSTcGfqk
What’s your anti-million dollar idea: A product that no one would ever buy?,https://www.youtube.com/watch?v=uQoSoji2n5g
What’s a myth that everyone believes?,https://www.youtube.com/watch?v=OwIyXuBGz9Y
What is the most overrated travel destination?,https://www.youtube.com/watch?v=6fxJJQItU_Q
What’s your anti-million dollar idea: A product that no one would ever buy?,https://www.youtube.com/watch?v=pIbsVpsCLcY
What is a small everyday decision you made that unexpectedly changed your life for the better?,https://www.youtube.com/watch?v=ZHdE4KnqAK0
[ #NSFW ] What's the most fucked up thing you ever heard?,https://www.youtube.com/watch?v=WduT-E-oWKA
What is the worst thing you or someone you know posted by mistake on social media ?,https://www.youtube.com/watch?v=r6AXlRVNS2A
What's the most common lie employers tell their employees?,https://www.youtube.com/watch?v=deaYpxL97JQ
What’s your “15 seconds of fame” moment?,https://www.youtube.com/watch?v=ouz2m8U6H0I
What are some of the craziest statistics ever?,https://www.youtube.com/watch?v=IKeHXzmJLio
What are the best perks of being single?,https://www.youtube.com/watch?v=5pr_leImU1o
What theory is so dumb that you wonder how people still acknowledge it?,https://www.youtube.com/watch?v=odpNn4CAg3E
[ #NSFW ] Women of Reddit - what is the best sex toy on the market?,https://www.youtube.com/watch?v=St3fOD_jKmA
[ #NSFW ] Men of Reddit what does it feel like when you’re about to nut?,https://www.youtube.com/watch?v=f-HydBZkawA
What small habit if practiced every day can significantly improve one's quality of life?,https://www.youtube.com/watch?v=e8FOe_C-Ppg
What is the most common lie wives tell their husbands?,https://www.youtube.com/watch?v=DI9UtaC7R_s
Whats perfectly legal to do but makes you look like a psychopath if you do it?,https://www.youtube.com/watch?v=He5OdeIkCbE
What is the most common lie husbands tell their wives?,https://www.youtube.com/watch?v=4hHPO3SOJKA
What's a popular advice/saying that is pure BS?,https://www.youtube.com/watch?v=VNbCSn27X-E
What phrase needs to die immediately?,https://www.youtube.com/watch?v=D6AtW2D2CVA
What are some unspoken rules within the girl code?,https://www.youtube.com/watch?v=RFAJda5pbrc
Which singer can't actually really sing?,https://www.youtube.com/watch?v=nfPCddqkWuI
What company actually sells great products?,https://www.youtube.com/watch?v=xg6oIM5K5SE
What large company was shut down because of one bad decision?,https://www.youtube.com/watch?v=b3XPXEkMV7o
[ #NSFW ] Men what is one thing you wish women knew about foreplay?,https://www.youtube.com/watch?v=PHztbsqWeV8
What’s going on right now that most people have no idea about?,https://www.youtube.com/watch?v=221u1-Ia7UM
What's the most bizarre or interesting fact you know that sounds fake but is actually true ?,https://www.youtube.com/watch?v=TuBaNYtzLxQ
What brand is actively watering down their quality?,https://www.youtube.com/watch?v=VdvRJKqJBsI
Dear 'weird kids' how did you end up getting laid?,https://www.youtube.com/watch?v=bwJxQ5pc2U4
Do you think most people are good?,https://www.youtube.com/watch?v=PXxe52nCFa4
What made you go "wow this person's a piece of shit"?,https://www.youtube.com/watch?v=bEk4Yl4rkqs
What actors left their TV show to pursue bigger projects… and it actually worked?,https://www.youtube.com/watch?v=9HXCqBtHUSQ
What is the scariest illness or genetic disease that humans can get?,https://www.youtube.com/watch?v=NF5oKTF6-7w
What's a subtle sign someone's actually really wealthy?,https://www.youtube.com/watch?v=ngvRUo32LMg
[Serious] What's the scariest fact you wish you didn't know?,https://www.youtube.com/watch?v=X5VOCxpqgBQ
[ #NSFW ] What's a lesson about sex or relationships that you wish you had learned earlier in life?,https://www.youtube.com/watch?v=YFFIc5pJDbQ
[ #NSFW ] How do you compliment someones nude?,https://www.youtube.com/watch?v=ewQlMFVCA3g
[ #NSFW ]  What is your favourite NSFW joke?,https://www.youtube.com/watch?v=4BnGrNdbFOA
What was the “…seriously?” gift you opened this Christmas?,https://www.youtube.com/watch?v=MUgvUKPdJ90
[ #NSFW ] What's the most desperate thing you or a person you know have done to get laid?,https://www.youtube.com/watch?v=v3G0oahFpu0
People who had one baby and then decided 'never again' . What happened? (Tiktok voices),https://www.youtube.com/watch?v=Da4oDSj03Ms
What’s one thing you accidentally found out that now everyone has to know?,https://www.youtube.com/watch?v=zUO8SgBlCkE
What’s one thing you'd buy regularly if you had unlimited money? (Tiktok voices),https://www.youtube.com/watch?v=HJ5gQQ2OTDE
What show failed because someone left the show? (Tiktok voices),https://www.youtube.com/watch?v=-70aKSYjsJ4
So who ruined Christmas morning and how did they do it? (Tiktok voices),https://www.youtube.com/watch?v=TFdRtutmYSU
What's something people say is good but is actually terrible? (Tiktok voices),https://www.youtube.com/watch?v=XtNRoP7U7Gk
What's the weirdest thing you've overheard while pretending to be asleep? (Tiktok voices),https://www.youtube.com/watch?v=eU11fG2wx9c
For people who've been shot what does it feel like? (Tiktok voices),https://www.youtube.com/watch?v=co8_1NQgxPU
What 'fake' thing that happens or is in the movies that pisses you off the most? (Tiktok voices),https://www.youtube.com/watch?v=_QBJXSqFcRg
What historic fact keeps you awake at night? (Tiktok voices),https://www.youtube.com/watch?v=-SBbvnz7OQ8
Is it wrong to date a 25yo when ur 53? (TikTok Voices),https://www.youtube.com/watch?v=Ng3IR4ifs8g
For people who've been stabbed what does it feel like? (Tiktok voices),https://www.youtube.com/watch?v=YaCvPbXPvkk
What seems to be universally hated on Reddit but is popular in the real world? (Tiktok voices),https://www.youtube.com/watch?v=tAq_4dO2cAg
Do you regret having kids? If so why? (Tiktok voices),https://www.youtube.com/watch?v=LAvTQPKm1Rw
[ #NSFW ] Men of Reddit - what's the best sex toy for men? (Tiktok voices),https://www.youtube.com/watch?v=38builtamHg
[ #NSFW ] What’s the strangest non-porn thing you’ve come across on a porn site? (Tiktok voices),https://www.youtube.com/watch?v=ASZ7YFO8qx4
What seemingly insignificant moment changed your life forever ? (Tiktok voices),https://www.youtube.com/watch?v=jsxYJxRZzh0
What are you dissatisfied with about society recently? (Tiktok voices),https://www.youtube.com/watch?v=hT19QyKoqQA
What are you slowly losing interest in as you grow older? (Tiktok voices),https://www.youtube.com/watch?v=M7OiXD-8jjY
What is denied by everyone but is actually 100% real? (Tiktok voices),https://www.youtube.com/watch?v=PrwApqPAZhQ
What is the best example of 'kid logic' you have ever seen? (Tiktok voices),https://www.youtube.com/watch?v=gjeGiGFWHzY
What's the best response to "Dad I think I'm BI"? (Tiktok voices),https://www.youtube.com/watch?v=QsnxgohlUPo
What's the scariest science fact that the public knows nothing about? (Tiktok voices),https://www.youtube.com/watch?v=Dwz0aMlcFsE
What's normally your first words of the day? (Tiktok voices),https://www.youtube.com/watch?v=VkNCM1eAMpU
People who married someone that cheated while dating how’s your marriage now? (Tiktok voices),https://www.youtube.com/watch?v=iWJed8WZv90
What’s a celebrity that was once huge and now lives a completely normal life? (Tiktok voices),https://www.youtube.com/watch?v=Aq_T03tON1Q
What is an opinion you have turned 180 degrees on? (Tiktok voices),https://www.youtube.com/watch?v=Bt3UyePnJ5A
What is realistically the greatest threat to the USA? (Tiktok voices),https://www.youtube.com/watch?v=zU4lwYPyHzo
What is the best example of 'kid logic' you have ever seen? (Tiktok voices),https://www.youtube.com/watch?v=CSNdbEb85IY
[ #NSFW ] What fucked you up? (Tiktok voices),https://www.youtube.com/watch?v=Cf1USQQ1PFI
Which country feels so dystopian ? (Tiktok voices),https://www.youtube.com/watch?v=pGKtc2ARxjk
What’s the dumbest reason you’ve heard for a couple getting divorced? (Tiktok voices),https://www.youtube.com/watch?v=zCzr1LzQj2Y
Americans say 'Oh my god !' to express shock or surprise what do people in your (Tiktok voices),https://www.youtube.com/watch?v=wjg956Wpcsg
If your Significant O had to say “yes” to everything for a day what are you doing? (Tiktok voices),https://www.youtube.com/watch?v=imAkmYpo1j8
What warning signs are you seeing that no one is paying attention to? (Tiktok voices),https://www.youtube.com/watch?v=MC7n5DZqXks
What secret will you never tell your parents? (Tiktok voices),https://www.youtube.com/watch?v=E5U29V0p5H0
Who's the worst actor you have seen on screen? (Tiktok voices),https://www.youtube.com/watch?v=s6jELkbe2S4
What's your favorite insult that doesn't use any swears or slurs? (Tiktok voices),https://www.youtube.com/watch?v=Y4GIVE8mPsM
What's a banging song in the 80s you're sure people haven't heard in over 20 years? (Tiktok voices),https://www.youtube.com/watch?v=iXxoVThdsYk
What is something that used to be true but no longer is? (Tiktok voices),https://www.youtube.com/watch?v=W3InKSBXRks
What's the creepiest thing you've seen on the Internet? (Tiktok voices),https://www.youtube.com/watch?v=wZedfvsIW50
What's a life hack that's so simple yet so effective you're shocked people... (Tiktok voices),https://www.youtube.com/watch?v=vk6SC1jhRBc
What are you sure your country is number 1 in the world in but don't have proof? (Tiktok voices),https://www.youtube.com/watch?v=QWYIFq745zs
If you can only workout for 15 mins a day and do one exercise what's your pick? (Tiktok voices),https://www.youtube.com/watch?v=N3QHKVBuTcc
What is the current thing that future generations will say 'I can't believe...'? (Tiktok voices),https://www.youtube.com/watch?v=ugHSLRNhtmo
What is the worst thing that a person can put on their bio on a dating app? (Tiktok voices),https://www.youtube.com/watch?v=OBNoJ4q3IA8
People who fixed a sexless relationship what did you do? (Tiktok voices),https://www.youtube.com/watch?v=bATW72rv7Dg
Which urban legend turned out to be true? (Tiktok voices),https://www.youtube.com/watch?v=d1t4KlHAJ_E
What is a very bad statistic people should know? (Tiktok voices),https://www.youtube.com/watch?v=vVrnb_hXskA
What’s the easiest fastest thing you can do to be more attractive? (Tiktok voices),https://www.youtube.com/watch?v=oVLqElM-CL8
Employers of Reddit what can someone put on a resume that sends it to the shredder? (Tiktok voices),https://www.youtube.com/watch?v=XnGd3mRUxiE
What started as a good thing until it got too popular and reached the wrong people? (Tiktok voices),https://www.youtube.com/watch?v=ZuizrhncHKg
What isn’t nearly as bad as Reddit would have you believe? (Tiktok voices),https://www.youtube.com/watch?v=wEFJKS9tW_g
What is the lowest probability event you have personally witnessed? (Tiktok voices),https://www.youtube.com/watch?v=dwl05yrmlU8
What is your special cooking secrets that few people know? (Tiktok voices),https://www.youtube.com/watch?v=sQixi51Njdg
What was the strangest thing a doctor has ever said to you? (Tiktok voices),https://www.youtube.com/watch?v=mo25MAvr5Ag
What is extremely rare but people think it's very common? (Tiktok voices),https://www.youtube.com/watch?v=j0Tlc6I5aG4
What do you think is gonna disappear in 10 years? (Tiktok voices),https://www.youtube.com/watch?v=PJ9jNdmfD_0
What trendy style of tattoo will be considered a “tramp stamp” 10 years from now? (Tiktok voices),https://www.youtube.com/watch?v=_UncpccfoIY
What car brand you would never buy? (Tiktok voices),https://www.youtube.com/watch?v=JRIu44Q6O2Q
What are your best “lasts a lifetime” brands of items? (Tiktok voices),https://www.youtube.com/watch?v=c7WNt9Bk37E
What's a subtle sign someone's not doing well mentally? (Tiktok voices),https://www.youtube.com/watch?v=WF_yNQX7HjE
NASA has sent you to Mars. You will be the first human to step on Martian soil...? (Tiktok voices),https://www.youtube.com/watch?v=Dh-gMxWmg4w
Single people what is like being in the dating scene now a days? (Tiktok voices),https://www.youtube.com/watch?v=uGXOYZYGa54
[ #NSFW ] What is a movie famous only for its sex scene? (Tiktok voices),https://www.youtube.com/watch?v=mTVpWQasHWw
What has lost its prestige in recent years? (Tiktok voices),https://www.youtube.com/watch?v=40paa5VE2yA
What’s something pretty much everyone thinks but nobody dares to say it? (Tiktok voices),https://www.youtube.com/watch?v=s1PCpiqC9YM
What claims are just not backed by the historical facts? (Tiktok voices),https://www.youtube.com/watch?v=pJc6t8ooaVg
[ #NSFW ] What's the most unsexy thing someone has said to you during sex that...? (Tiktok voices),https://www.youtube.com/watch?v=uQS9oQ4BiMQ
What is normalized that needs to be weird again? (Tiktok voices),https://www.youtube.com/watch?v=-SIeQ3U_A_s
[ #NSFW ] What's the mildest thing you still consider to be a sexual kink? (Tiktok voices),https://www.youtube.com/watch?v=lciBCUqVcao
What’s the absolute scariest horror movie that you’ve ever watched? (Tiktok voices),https://www.youtube.com/watch?v=1AgGrDipNg8
What's the simplest skill that you've seen someone refuse to learn? (Tiktok voices),https://www.youtube.com/watch?v=3Gm1KRQsOcw
What's the most hauntingly beautiful song you've ever heard? (Tiktok voices),https://www.youtube.com/watch?v=w30QF2y74No
What is something you cannot believe modern technology hasn’t fixed yet? (Tiktok voices),https://www.youtube.com/watch?v=HiEUJwMhY5M
What has been your biggest “I really thought I knew this person” moment? (Tiktok voices),https://www.youtube.com/watch?v=Ixrdj2dNiR0
What everyday item has become so expensive that you've stopped buying it? (Tiktok voices),https://www.youtube.com/watch?v=419WFTKfVCw
What is the biggest 'money pit' people fall into preventing them becoming prosperous (Tiktok voices),https://www.youtube.com/watch?v=QmLNcsyPiHw
If you could learn the answer to any one mystery what would it be?  (Tiktok voices),https://www.youtube.com/watch?v=pHcxMCWchjU
Give an example; how weird are you really? (Tiktok voices),https://www.youtube.com/watch?v=ybr9gGin8UA
What is a seemingly insignificant choice you made that ended up having a major...? (Tiktok voices),https://www.youtube.com/watch?v=4x7z4Tktvec
What was something that was done in the name of safety that turned out to be more..? (Tiktok voices),https://www.youtube.com/watch?v=lOwtENiRAc4
[ #NSFW ] What slowly turned into porn? (Tiktok voices),https://www.youtube.com/watch?v=GEjpiHGnWJU
People who are 25y and above what's the harshest life-lesson you've learnt? (Tiktok voices),https://www.youtube.com/watch?v=2kKVww_unao
You can have $100000 but you can never get drunk or high again are you interested? (Tiktok voices),https://www.youtube.com/watch?v=QXSnQFoQUx4
What is something people should be ashamed of for liking? (Tiktok voices),https://www.youtube.com/watch?v=2q6usTL5cFY
What product is the biggest scam but people like it anyway? (Tiktok voices),https://www.youtube.com/watch?v=w8ox16-cHDQ
What’s a large company that isn’t corrupt or greedy and cares about their customers? (Tiktok voices),https://www.youtube.com/watch?v=3AFp0sbvXbo
If we have another pandemic and lockdown what are you going to do at home (Tiktok voices),https://www.youtube.com/watch?v=S7iaUyNklBE
What is the most incredible human feat of all time? (Tiktok voices),https://www.youtube.com/watch?v=ojvBdnD0E1k
[ #NSFW ] What’s hot when you’re horny but isn’t when you’re not? (Tiktok voices),https://www.youtube.com/watch?v=A65RBdQy0SE
What name-brand item will you always buy? (Tiktok voices),https://www.youtube.com/watch?v=MhjkRVts5DU
As a homeless person what is the most important thing you can tell someone who...? (Tiktok voices),https://www.youtube.com/watch?v=fCHIovdPLyg
What's romanticized that shouldn't be romanticized? (Tiktok voices),https://www.youtube.com/watch?v=QCTMqOb_cm4
If someone gave you $1000 a week to never eat meat again/ever what would you do? (Tiktok voices),https://www.youtube.com/watch?v=bow3Q9iNl4M
What's a word that someone horribly mispronounced with such confidence that you (Tiktok voices),https://www.youtube.com/watch?v=6190qcufjKQ
What album is perfect from beginning to end? (Tiktok voices),https://www.youtube.com/watch?v=_tC1sFd1hj4
Dentists of Reddit how can you tell if a client viciously brushed their teeth...? (Tiktok voices),https://www.youtube.com/watch?v=n_VP1VQ6oO0
How did the kid from your school die? (Tiktok voices),https://www.youtube.com/watch?v=dRiv1Ah0UNI
What movie is really sad when told from the 'villain's' perspective? (Tiktok voices),https://www.youtube.com/watch?v=nXQe70RiRyI
What would be the most awkward exercise to do nude? (Tiktok voices),https://www.youtube.com/watch?v=8mRkJ1ZeoJg
People who lost a lot of weight what surprises you the most now? (Tiktok voices),https://www.youtube.com/watch?v=aZfvBWR7MzA
Would you rather get paid 80000 dollars a year and not have to work; or 200000...? (Tiktok voices),https://www.youtube.com/watch?v=xbxqHn2bWCk
Has anyone ever tried to kill you? How’d it go? (Tiktok voices),https://www.youtube.com/watch?v=-9TolFnsTDo
Which TV show has a 10/10 pilot episode? (Tiktok voices),https://www.youtube.com/watch?v=1SILH2AFLhQ
What's the worst pick up line you heard and it worked? (Tiktok voices),https://www.youtube.com/watch?v=Td0JH97CJ0k
What terrible holiday “bonuses” are people starting to receive from work this year? (Tiktok voices),https://www.youtube.com/watch?v=HKFOtm87kMw
What's the vegetarian or vegan equivalent of eating rotisserie chicken with your...? (Tiktok voices),https://www.youtube.com/watch?v=IacM22zvhME
What movie is stupid or makes no sense but people act like it's really deep? (Tiktok voices),https://www.youtube.com/watch?v=xH2igxusJkg
[ #NSFW ] What are two innocuous words that when put together become NSFW? (Tiktok voices),https://www.youtube.com/watch?v=iu-rCPt7Ogc
What’s a ridiculous “first world problem” you’ve seen people get worked up over? (Tiktok voices),https://www.youtube.com/watch?v=TQDQ6ajVPCE
What's the biggest 'Green Flag' that could be misinterpreted as a 'Red Flag'? (Tiktok voices),https://www.youtube.com/watch?v=g32UuLDcvCU
What started out as an internet rumor that ended up being infamously true? (Tiktok voices),https://www.youtube.com/watch?v=FIwWvykNxLI
What is a good thing happening in the US right now that people aren’t aware of? (Tiktok voices),https://www.youtube.com/watch?v=gqQCa6zfsBc
What’s the worst “cousin” story you’ve ever heard? (Tiktok voices),https://www.youtube.com/watch?v=_kbYOTGQvMc
What’s undoubtedly the scariest drug in existence? (Tiktok voices),https://www.youtube.com/watch?v=7YEYePRTMnw
What’s one thing that sobered you up real quick? (Tiktok voices),https://www.youtube.com/watch?v=t9xbTbx6uXQ
What's one food everyone seems to go crazy for but you just don't understand... (Tiktok voices),https://www.youtube.com/watch?v=w4wcE7E4l0k
What feels illegal  but isn’t? (Tiktok voices),https://www.youtube.com/watch?v=cYKYnruSzSA
[ #NSFW ] What's the most absurd porn dialogue you can remember? (Tiktok voices),https://www.youtube.com/watch?v=Ofk5y_NadHY
[ #NSFW] What's the wildest thing you've seen going on at a party you were at? (Tiktok voices),https://www.youtube.com/watch?v=e9Lfs77z7AU
What is your 'don't ask how I know' random fact? (Tiktok voices),https://www.youtube.com/watch?v=9tfm4GzUQfw
What is something GOOD going on in the world that a lot of people aren’t aware of? (Tiktok voices),https://www.youtube.com/watch?v=YnDLA-Ju2NI
What critically acclaimed movie is hated now? (Tiktok voices),https://www.youtube.com/watch?v=ujNp9kaDklQ
How is everyone affording life right now? (Tiktok voices),https://www.youtube.com/watch?v=jkKc_HCiVNU
What is something serious going on in the world that a lot of people aren’t aware (Tiktok voices),https://www.youtube.com/watch?v=SEVc8QIhA9Q
What fakes are better buys than the original? (Tiktok voices),https://www.youtube.com/watch?v=cuaN7lnfveE
What's super expensive to buy but totally worth it? (Tiktok voices),https://www.youtube.com/watch?v=Wyv-A9xGG-8
Who is one celebrity you think never deserved to be cancelled? (Tiktok voices),https://www.youtube.com/watch?v=RT55IpYhYdw
What're some things that're still surprisingly cheap even after covid and inflation? (Tiktok voices),https://www.youtube.com/watch?v=TXZ8cq9rhP0
People of Reddit what do you think are uncommon red flags in a relationship? (Tiktok voices),https://www.youtube.com/watch?v=p7IN1HYZdXk
What's the most 'small town' thing you've witnessed? (Tiktok voices),https://www.youtube.com/watch?v=2G64c2942wQ
An almighty being has made it mandatory that all humans will be transformed to... (Tiktok voices),https://www.youtube.com/watch?v=e-x_Vaoyc8o
What's the worst victimless crime you know of? (Tiktok voices),https://www.youtube.com/watch?v=61fxd0mAKSw
What is a 5 or 10 minute thing that you added in your routine and it turned... (Tiktok voices),https://www.youtube.com/watch?v=dibOBujUbhw
Girls what isn't nearly as attractive as lot of guys think it is? (Tiktok voices),https://www.youtube.com/watch?v=tO34bdiDBgM
What treasures that we 100% know existed still haven’t been found? (Tiktok voices),https://www.youtube.com/watch?v=tuUTtC5rCkI
What’s a great song that has one really dumb lyric? (Tiktok voices),https://www.youtube.com/watch?v=P1Rb-P0lX-0
What is an old wives tale that people still believe? (Tiktok voices),https://www.youtube.com/watch?v=u4CCcfiVY2c
What's the worst Christmas bonus you've ever received? (Tiktok voices),https://www.youtube.com/watch?v=WDHygFqgn6w
You can make one person un-famous -- nothing bad happens other than they are... (Tiktok voices),https://www.youtube.com/watch?v=n30xUfQPqto
What pickup line actually worked? (Tiktok voices),https://www.youtube.com/watch?v=jBUWp440cRo
What are people obsessed with but you just don’t get it? (Tiktok voices),https://www.youtube.com/watch?v=h1j3NMdqEVw
What was the ex you didn’t break up with but instead “survived"? (Tiktok voices),https://www.youtube.com/watch?v=bJZ2EW7XRlY
Straight people what’s your gayest experience? (Tiktok voices),https://www.youtube.com/watch?v=0SCclVGAmRQ
If you were in a room with all of your sexual partners what would you say to them? (Tiktok voices),https://www.youtube.com/watch?v=Wp6PcZuQoMU
What is a little bombshell your therapist dropped in one of your sessions...? (Tiktok voices),https://www.youtube.com/watch?v=FgPv96sqkks
What is the silliest statement you have ever heard someone make? (Tiktok voices),https://www.youtube.com/watch?v=ziOuvhCBs_0
Doctors out there what is one thing you'd recommend everyone for their health? (Tiktok voices),https://www.youtube.com/watch?v=mxcA6SvrI70
What fictional villain do you think is actually right? (Tiktok voices),https://www.youtube.com/watch?v=OeNk4bxYKoQ
Which good celebrity do you find suspicious? (Tiktok voices),https://www.youtube.com/watch?v=Nizw1j_CKEA
(Serious) Teachers what is the worst thing you've seen a student do? (Tiktok voices),https://www.youtube.com/watch?v=0OKYcKjdCn8
What's the harshest thing you've ever had to say to someone? (Tiktok voices),https://www.youtube.com/watch?v=6AsgU98Waqw
What is the grossest hygiene issue you overlooked in an ex? (Tiktok voices),https://www.youtube.com/watch?v=BL90sUku-E0
When was the last time you (male) were hit on? How did you feel afterwards? (Tiktok voices),https://www.youtube.com/watch?v=UTcHfDjgixI
What product would make the worst 'buy one get one free' sale of all time? (Tiktok voices),https://www.youtube.com/watch?v=38hPPzpxFNg
What's a fact you wish you didn't know? (Tiktok voices),https://www.youtube.com/watch?v=nT99ux2XnHQ
What's a movie fact you know that pretty much no one else knows? (Tiktok voices),https://www.youtube.com/watch?v=hwI77b5AeLY
What's a local rumor you heard as a kid that turned out to be true years later? (Tiktok voices),https://www.youtube.com/watch?v=t6qqGXFpsaA
[ #NSFW ] Women who watch porn what's a perceived niché that really does it for you?(Tiktok voices),https://www.youtube.com/watch?v=MPtQOhHACPM
What’s the most unexpected health discovery you’ve ever made? (Tiktok voices),https://www.youtube.com/watch?v=DKK9I5ddZtA
What’s one thing about the female body that men might not know? (Tiktok voices),https://www.youtube.com/watch?v=XqlhPoGIbh0
Parents with twins. What was your trick tell apart your children when they were (Tiktok voices),https://www.youtube.com/watch?v=RDWZHTTBYKI
What has become so expensive that it’s not worth buying anymore? (Tiktok voices),https://www.youtube.com/watch?v=Jr-GX3_G0Do
What existed when you were a child that doesn’t exist now? (Tiktok voices),https://www.youtube.com/watch?v=sT9PRT7EM6Y
What are unethical financial hacks that you know of that won't land you in prison? (Tiktok voices),https://www.youtube.com/watch?v=4CeNFBOwaPE
Doctors how do you inform patients of an incurable and fatal diagnosis? (Tiktok voices),https://www.youtube.com/watch?v=GOiUGUh4Gb0
[ #NSFW ] What is a big turn on during activities that aren't sexual in nature? (Tiktok voices),https://www.youtube.com/watch?v=tBMFceMCHv4
[Serious] People who have been cheated on what was the red flag that gave it away? (Tiktok voices),https://www.youtube.com/watch?v=qdCNP3qOaug
What do you have zero evidence for but are convinced is true? (Tiktok voices),https://www.youtube.com/watch?v=Haapl2-Ld2g
What's the worst thing you’ve seen someone get addicted to that wasn’t a drug...  (Tiktok voices),https://www.youtube.com/watch?v=RnLTUJ9BqWg
What are some of the most secret documents that are known to exist? (Tiktok voices),https://www.youtube.com/watch?v=7Ol1nNSnd3s
What world record are you sure you own without any actual proof? (Tiktok voices),https://www.youtube.com/watch?v=TiFKsQTdhwo
Men in their late 30s who lost belly fat HOW?! (Tiktok voices),https://www.youtube.com/watch?v=vFG4keNA6Xo
What are cool yet not cringy Wi-Fi names? (Tiktok voices),https://www.youtube.com/watch?v=xgxvKSI7UWw
[ #NSFW ] What's something you wish you knew about sex before you had sex? (Tiktok voices),https://www.youtube.com/watch?v=grqJY2ETYwA
What have people normalized doing in public that they shouldn't? (Tiktok voices),https://www.youtube.com/watch?v=5XojGogBkog
Men what is something that your wife/girlfriend dislikes about herself that you (Tiktok voices),https://www.youtube.com/watch?v=8UyWeWosDyc
(Serious) What is the most disturbing documentary you've ever seen? (Tiktok voices),https://www.youtube.com/watch?v=nXmKbWBQaRU
Women of Reddit how painful is childbirth actually? (Tiktok voices),https://www.youtube.com/watch?v=NTHVsYGH53c
What movie was so sad for you that you would never watch it again? (Tiktok voices),https://www.youtube.com/watch?v=PqGYLt53riU
To people who have also worked with multimillionaires or billionaires what is (Tiktok voices),https://www.youtube.com/watch?v=_atnADuyKYw
What was a loophole that you found and exploited the hell out of? (Tiktok voices),https://www.youtube.com/watch?v=OttcLqdL1VY
Who made the stupidest and most embarrassing mistake in history? (Tiktok voices),https://www.youtube.com/watch?v=w2xFgLhCaJs
What’s the most annoying thing the human body just kinda does randomly? (Tiktok voices),https://www.youtube.com/watch?v=wURDitXukMc
Older to elderly people who consistently consumed marijuana through your lives... (Tiktok voices),https://www.youtube.com/watch?v=diEN8hmMGZk
[ #NSFW ] People who asked to open their relationship what happened next? (Tiktok voices),https://www.youtube.com/watch?v=C3aAWLYiSos
What habit slowly kills a human? (Tiktok voices),https://www.youtube.com/watch?v=EJcH0_KqOnY
If you had to die by execution which one would you choose? (Tiktok voices),https://www.youtube.com/watch?v=E7JceDhsv5s
Which celebrities have a wildly different personality from their public persona? (Tiktok voices),https://www.youtube.com/watch?v=f5LXii9dLPc
What’s something ordinary that people do that they don’t realize will screw up (Tiktok voices),https://www.youtube.com/watch?v=l9d6nelxdPs
[ #NSFW ] What's the female equivalent to a man's random boner? (Tiktok voices),https://www.youtube.com/watch?v=QR-3gr0Fwns
'Never confuse education with intelligence; you can have a PhD and still be an (Tiktok voices),https://www.youtube.com/watch?v=dTKWQxgju2o
People who initially dated the person that took your virginity how did your (Tiktok voices),https://www.youtube.com/watch?v=h1KhZyBA9cU
[ #NSFW ] What is one myth about sex watching porn made you believe? (Tiktok voices),https://www.youtube.com/watch?v=HFSrzpQTVDE
What is something women wouldn't care about that would freak men out? (Tiktok voices),https://www.youtube.com/watch?v=ZGY09_LLMjA
What is the weirdest text you got that was accidentally sent to you? (Tiktok voices),https://www.youtube.com/watch?v=gAuIYfE-ujY
Which billionaire or millionaire has actually done good to the community? (Tiktok voices),https://www.youtube.com/watch?v=h5yudIjY3Bg
What movie are you convinced people only pretend to enjoy? (Tiktok voices),https://www.youtube.com/watch?v=K1BkAu4t82s
What’s the minimum amount of money that could solve 90% of all your problems right (Tiktok voices),https://www.youtube.com/watch?v=i82lAcl83s0
What was cool in 2013 but not anymore in 2023? (Tiktok voices),https://www.youtube.com/watch?v=u2wzmsdOiN4
What's something weird a guest did in your home and you didn't know how to react? (Tiktok voices),https://www.youtube.com/watch?v=6YhmbUmBk2o
What would earning the equivalent of $70000US a year mean to you? (Tiktok voices),https://www.youtube.com/watch?v=Gf27psAuU0E
What thing a kid born after 2000 won't understand no matter how long you explain it? (Tiktok voices),https://www.youtube.com/watch?v=Ucqjc-eNYhs
What’s something you thought was common but found out most people didn’t know? (Tiktok voices),https://www.youtube.com/watch?v=dtLxff6E76E
[ #NSFW ] What is the funniest porn you've seen? (Tiktok voices),https://www.youtube.com/watch?v=ct8aSn5OZFs
What is a bad habit that a shocking amount of people have? (Tiktok voices),https://www.youtube.com/watch?v=vq0NHM-iozo
What’s a secret the food industry don’t want you to know? (Tiktok voices),https://www.youtube.com/watch?v=Lp1ipyDlWm4
What is the polite way to say “mind your own business/fuck off” when someone asks (Tiktok voices),https://www.youtube.com/watch?v=o4GPa-fXqLU
[ #NSFW ] Men who didn't want anal but tried it anyway how was it? (Tiktok voices),https://www.youtube.com/watch?v=7SAFd86ozOw
[ #NSFW ] Men of Reddit do you prefer a woman shaved down there? Why or why not? (Tiktok voices),https://www.youtube.com/watch?v=qheX0v50cV0
What's the quickest way you saw a co-worker get fired? (Tiktok voices),https://www.youtube.com/watch?v=EsQm5dxr6GU
What's a sign that someone is much smarter than they let on? (Tiktok voices),https://www.youtube.com/watch?v=ziryZEzceaw
What is a subtle sign that someone's life sucks? (Tiktok voices),https://www.youtube.com/watch?v=Mqrsj7KP4a0
Mental professionals of reddit what is the worst mental condition that you know of? (Tiktok voices),https://www.youtube.com/watch?v=8ofCDZWhcvc
If WW III breaks out and you're drafted what position would suit you? (Tiktok voices),https://www.youtube.com/watch?v=O6WtkuW9gqs
What software will become outdated/shut down in the next couple of years? (Tiktok voices),https://www.youtube.com/watch?v=xR1y0-dSOn0
Which celebrity gives you 'I made a bargain with my soul' vibes? (Tiktok voices),https://www.youtube.com/watch?v=aFUqQzkZA44
[ #NSFW ] What are some scary secrets to working as a hooker? (Tiktok voices),https://www.youtube.com/watch?v=-OOPvJozFQ4
[ #NSFW ] Women of Reddit what's the hottest 'dirty talk' phrase you've heard/read? (Tiktok voices),https://www.youtube.com/watch?v=AzDWQ_USnWc
[ #NSFW ] What’s the gnarliest thing to happen to you during sex? (Tiktok voices),https://www.youtube.com/watch?v=cA71_EBWLIA
People who quit a job on the first day what happened? (Tiktok voices),https://www.youtube.com/watch?v=w8OJ1gQoNp8
What are weird jobs nobody knows about but they pay well? (Tiktok voices),https://www.youtube.com/watch?v=X2J70712Zuo
People who can fall asleep quickly how do you do it? (Tiktok voices),https://www.youtube.com/watch?v=8eeZ-a9WDsg
What was polite 30 years ago but is considered impolite today? (Tiktok voices),https://www.youtube.com/watch?v=I-KEHufkw0w
Women who said 'I can fix him' what happened? (Tiktok voices),https://www.youtube.com/watch?v=xuBw5bORMkM
What’s a secret that could tear your entire family apart? (Tiktok voices),https://www.youtube.com/watch?v=IaQU4FPYYrg
What slowly went away in the past decade that no one noticed? (Tiktok voices),https://www.youtube.com/watch?v=D1gLZoT-UnI
What is that one thing that you have invested thousands of hours working on it and (Tiktok voices),https://www.youtube.com/watch?v=LmiP6D13whI
You’re about to be executed for a crime you didn’t commit. What are your last words? (Tiktok voices),https://www.youtube.com/watch?v=n921npoxxWk
[ #NSFW ] Women who watch porn what do you look for? (Tiktok voices),https://www.youtube.com/watch?v=g1iSWtcJ2Aw
[ #NSFW ] How do you complement a nude from a girl? (Tiktok voices),https://www.youtube.com/watch?v=16xbDO80W4A
How would the world be different if men passed out for 20 minutes after ejaculating? (Tiktok voices),https://www.youtube.com/watch?v=v_Xn-1iCeB4
[ #NSFW ] For men - what’s the hottest thing said to you during dirty talk ? (Tiktok voices),https://www.youtube.com/watch?v=xkwlTnSOH1k
What isn't the flex many people think it is? (Tiktok voices),https://www.youtube.com/watch?v=rA0a5SRczik
Ex spoiled kids what was your reality checks? (Tiktok voices),https://www.youtube.com/watch?v=oc3GpDQqNJo
What’s a fact that sounds like a conspiracy theory? (Tiktok voices),https://www.youtube.com/watch?v=RqafOP9MXhw
What legendary YouTube channel doesn’t make videos anymore? (Tiktok voices),https://www.youtube.com/watch?v=5seANyfXXaI
What is the scariest story you know to be completely true? (Tiktok voices),https://www.youtube.com/watch?v=qL8mURxJLuc
What's a NSFW fact about history that most people don't know? (Tiktok voices),https://www.youtube.com/watch?v=PLy5ShzILDM
What is a fact that you only recently learned but should have known for ages? (Tiktok voices),https://www.youtube.com/watch?v=JS07CFOdVD0
[ #NSFW ] What are the biggest lies that porn makes people believe? (Tiktok voices),https://www.youtube.com/watch?v=IwDHIgOqjIM
What’s the dumbest thing you ever heard that was said with so much confidence? (Tiktok voices),https://www.youtube.com/watch?v=bMArbR_ADNA
What's a 'fact' that has been actively disproven yet people still spread it?,https://www.youtube.com/watch?v=lzBRP0NIMsc
What’s the best city you’ve visited in the US? (Tiktok voices),https://www.youtube.com/watch?v=tM6NUrk58TY
What secret was revealed when cleaning out the home of a deceased family member?,https://www.youtube.com/watch?v=hw0F4SXhCUU
What's a physical feature that you find unattractive?,https://www.youtube.com/watch?v=qRTHE140iBY
What was polite 30 years ago but is considered impolite today?,https://www.youtube.com/watch?v=D1l2UwdLgkk
What phrase or word instantly makes you roll your eyes?,https://www.youtube.com/watch?v=phzj_Igo09s
Which celebrity would still be alive if they weren’t rich and famous?,https://www.youtube.com/watch?v=BH8LYTrvCco
What are some signs someone has had a hard life?,https://www.youtube.com/watch?v=S_ApHvB7Hqk
Enough with the dumbest; what is the wittiest thing you've ever heard someone say?,https://www.youtube.com/watch?v=eiwGY4EVVko
What software will become outdated/shut down in the next couple of years?,https://www.youtube.com/watch?v=XuKYrRwH7nc
What SHOULD go in the fridge that people don’t realize should go in the fridge?,https://www.youtube.com/watch?v=oIqa4VK9Ibk
What is something that's so common that we forget just how crazy it is?,https://www.youtube.com/watch?v=8cEceIQ3z8A
What’s a piece of advice you received that has stuck with you throughout your life?,https://www.youtube.com/watch?v=rukcZZvELVw
What big celebrity story or occurrence do you suspect was secretly a publicity stunt?,https://www.youtube.com/watch?v=BYw2nEn9OwY
If you had the power to know the truth about a mystery what mystery would you learn about?,https://www.youtube.com/watch?v=FNXkwN-qV_0
What are some clear signs that someone is failing at life?,https://www.youtube.com/watch?v=DiQ-FF282yk
What’s the strangest thing you’ve heard someone say in their sleep?,https://www.youtube.com/watch?v=NXgADhivzQo
What is the worst scenario for the 2024 US Election?,https://www.youtube.com/watch?v=pW1mZQK5Ra4
What's the most ridiculous explanation a company has given to deflect themselves from the...?,https://www.youtube.com/watch?v=gIqy9gjTz7I
People who used to smoke THC daily what changes have you noticed with yourself?,https://www.youtube.com/watch?v=Il4zviy52LY
What celebrity are you surprised isn’t in jail for the rest of their life?,https://www.youtube.com/watch?v=7sOgxL4EFzM
What was very popular in the 2020 pandemic but now its pretty much dead?,https://www.youtube.com/watch?v=fY6fdmVcOLw
What is the world’s greatest unsolved mystery?,https://www.youtube.com/watch?v=PyIcGqNqU5Y
People that suffer from depression what keeps you going?,https://www.youtube.com/watch?v=ks3MYmQyGJA
What slowly went away in the past decade that no one noticed?,https://www.youtube.com/watch?v=RqY3-kWaflg
What company are you surprised still exists in 2023?,https://www.youtube.com/watch?v=W56IJgzjg8Q
What's the best example of girls supporting girls you've ever seen in your life?,https://www.youtube.com/watch?v=cwibjw-7hds
What are some creepy facts you know?,https://www.youtube.com/watch?v=Mqd3OvC9ELY
What isn't the flex many people think it is?,https://www.youtube.com/watch?v=FPqIQb6K6X8
What is the saddest song you've ever heard?,https://www.youtube.com/watch?v=mtBVnnAMiwQ
What is the scariest yet most realistic future film ever made ?,https://www.youtube.com/watch?v=04AtsxCl2Ic
What’s a random fact you’re just waiting to bust out?,https://www.youtube.com/watch?v=GbEwrm-3Exk
What’s a creepy story you have from your childhood?,https://www.youtube.com/watch?v=jUIDWZnwvhI
What was the movie that left you thinking 'What the hell did I just watch?'?,https://www.youtube.com/watch?v=q4dWDg5LR4M
What’s the most f**ked up story you’ve heard?,https://www.youtube.com/watch?v=tFGEGpyN9ZY
What’s a fact that sounds like a conspiracy theory?,https://www.youtube.com/watch?v=oPOghqvvUg0
What products are clearly made by people or companies who never actually use them?,https://www.youtube.com/watch?v=UR-jXGTNRS4
What’s a clear sign that you are an unattractive person?,https://www.youtube.com/watch?v=pzt0lQxY4hA
How important are your partner’s political views to you? Is it a dealbreaker if...?,https://www.youtube.com/watch?v=VK0LqwKMJmA
If you could learn the answer to any unsolved mystery what would it be?,https://www.youtube.com/watch?v=U5JaetdyYt0
What are you proud of that millennials have actually “ended” or “ruined?”,https://www.youtube.com/watch?v=kG2ZP4IpY8M
Fave quotes from NZ tv or movies?,https://www.youtube.com/watch?v=mBoWeuFRFGk
What lesser known preventative medical tests should people in their 20s or 30s get?,https://www.youtube.com/watch?v=AOhsxK72qf8
What product unbeknownst to most people has the highest mark up?,https://www.youtube.com/watch?v=dN4wNOCYWaw
What’s the worst case of “rich kid syndrome” that you’ve ever seen?,https://www.youtube.com/watch?v=k3jW6U5IHWM
What's a commonly taught historical fact that just isn't true?,https://www.youtube.com/watch?v=umGkW02Z4GE
Married folks what's a non-sexual thing you look forward doing at home when your spouse is away?,https://www.youtube.com/watch?v=VVY_0Be_mFA
What is the biggest hoax that people still believe?,https://www.youtube.com/watch?v=PilrjJwO1Gs
How can you work from 8 to 5 be free only on weekends and not feel like you're wasting your life?,https://www.youtube.com/watch?v=J0zMFMQH8VE
What’s something people eat or do that they think is healthy but is useless?,https://www.youtube.com/watch?v=0fmoHcmqLIk
How has morbid curiosity screwed you over?,https://www.youtube.com/watch?v=MPqWXlS3Zrw
What's the stupidest thing you've ever heard anyone say?,https://www.youtube.com/watch?v=po3Xuo9Cbpw
What TV show never gets old to you?,https://www.youtube.com/watch?v=XY5YN7fhfTA
If you could send one modern object back 500 years with a note attached explaining its use...?,https://www.youtube.com/watch?v=CL98kQGxRmw
You go to bed like normal but when you wake up you’re in a hospital 200 years later and...?,https://www.youtube.com/watch?v=5y5kKjoqXO0
What's the most 80s sounding song not from the 80s?,https://www.youtube.com/watch?v=py4LTq4CV2o
What is something that will be illegal in 100 years?,https://www.youtube.com/watch?v=wuy5A5OG43A
Who’s the best example of “extremely rich but still greedy”?,https://www.youtube.com/watch?v=Tap8Ei175Zo
What made you instantly realize This 'friend' is not a real friend?,https://www.youtube.com/watch?v=OUCREAfjX7c
What's the most overrated city in the world?,https://www.youtube.com/watch?v=LWdTh8aAwo8
What's a dead giveaway that someone is dumb?,https://www.youtube.com/watch?v=CPy94aRN4Ao
What is the scariest thing seen in the ocean that has a photographic proof?,https://www.youtube.com/watch?v=COPhHjeWDt8
People who work in the airline industry what are some of the craziest things you have seen?,https://www.youtube.com/watch?v=la2pB4BEzfI
What's a clear sign that you're getting older?,https://www.youtube.com/watch?v=HvDhEC89bvA
Would you support a law that the highest-paid person makes no more than 10X the lowest-paid person?,https://www.youtube.com/watch?v=epNmtA2Ex30
What is the scariest movie you have ever watched??,https://www.youtube.com/watch?v=QPkzlO8G-3k
What item has degraded in quality in the past 10 years?,https://www.youtube.com/watch?v=MrqTkUMBL8U
What’s a small trivial thing that makes you instantly burn with the rage of a white-hot sun?,https://www.youtube.com/watch?v=lIHLZTFv-8I
Doctors of Reddit what’s the worst thing you can do to your body?,https://www.youtube.com/watch?v=JXxSfQ6ayBY
What are some things you never say to a car dealer?,https://www.youtube.com/watch?v=Bth8gj6wHEI
What instantly outs someone as chronically online?,https://www.youtube.com/watch?v=iEx5LMFLHRo
Who is the best example of "you don't need talent or skill to make it in life"?,https://www.youtube.com/watch?v=M9XSDtpcq5s
What is something that happens at casinos that is hidden from the public?,https://www.youtube.com/watch?v=GH2xGS5XsXA
What is the most evil company in history?,https://www.youtube.com/watch?v=VYJHryQcseU
What celebrities actually look better older than they did when they were young?,https://www.youtube.com/watch?v=KOkSud_Sj7U
Redditors who have gotten genetic tests what's the weirdest thing you learnt from your DNA?,https://www.youtube.com/watch?v=AeC5UThJ7ew
What is a fact that you learned in grade school that has been disproven?,https://www.youtube.com/watch?v=s0GgTbOstuc
Your username is now a company what do you sell?,https://www.youtube.com/watch?v=WCviqqA6WBE
What immediately tells you someone is an asshole?,https://www.youtube.com/watch?v=j1sVnongUFA
Which movie has infinite rewatchability value for you?,https://www.youtube.com/watch?v=8x-qmkIsq_k
What is a devastating yet common life event some people have to go through?,https://www.youtube.com/watch?v=WtUCv0stJ6c
What’s a food that the majority of people or restaurants fuck up in your opinion?,https://www.youtube.com/watch?v=o0nB_HZSxq8
Japan has Godzilla what does your country have?,https://www.youtube.com/watch?v=LGcArlcNn9s
What industry is a lot shadier than it seems?,https://www.youtube.com/watch?v=Rqm3U7g24AI
What is a company that you didn’t know still existed?,https://www.youtube.com/watch?v=8iUrPKIXSCg
Like cigarettes in 1950 what is a bad habit we all do that will look bad in retrospect?,https://www.youtube.com/watch?v=Be8CpRmdsao
A girl approaches you and says 'pretend we’re friends. I’m being followed.' What would you do?,https://www.youtube.com/watch?v=GEatPJv7plU
People who work in super luxury hotels: what’s the one thing management does’t want people to know?,https://www.youtube.com/watch?v=gbEIGL8GSEE
What is something that still hasn’t gone back to normal after the Covid pandemic?,https://www.youtube.com/watch?v=3_e6IgM8sJY
What’s the most dystopian thing happening now that we never thought could happen just 25 years?,https://www.youtube.com/watch?v=D_wajL6AL8A
What famous people have side skill so large that they can be famous for that too if they wanted to?,https://www.youtube.com/watch?v=cAkNtjFHPec
What is something your parents engrained in you that you now realize is ridiculous?,https://www.youtube.com/watch?v=BkaddCBsrR4
What first comes to mind when you see the letter 'X'?,https://www.youtube.com/watch?v=jr1GE5uzwvQ
What is a place that you're afraid of visiting again and why?,https://www.youtube.com/watch?v=SbcaJZUYDeU
What is something that has become trendy to hate but isn't really that bad?,https://www.youtube.com/watch?v=Ho98S2W7CaE
What song changed your whole taste in music?,https://www.youtube.com/watch?v=iJ0g_g2ZM14
What would happen if the bag of microwave popcorn was put in with that side down?,https://www.youtube.com/watch?v=jxQi2OGoSXM
What's a non horror movie that traumatized you as a kid?,https://www.youtube.com/watch?v=fuoOtLdEHrY
What do you believe is the greatest threat to the United States?,https://www.youtube.com/watch?v=io84ihgdmgs
What was the first major news story you remember as a kid?,https://www.youtube.com/watch?v=3YnTXv712bI
[TOP 150] What's the funniest reason a girl rejected you?,https://www.youtube.com/watch?v=CXiApRxc9Ak
People who don’t call their significant other babe/baby what do you call them?,https://www.youtube.com/watch?v=xNVo9Ohd8hg
(Serious)What did your partner say or do that made you realize that they were a toxic person?,https://www.youtube.com/watch?v=4M4h4mtfXeM
Science nerds of reddit what pseudoscience drives you bonkers the most?,https://www.youtube.com/watch?v=H3FzHPzOTlw
What is the most obvious thing human society has never developed? Like what is the first thing,https://www.youtube.com/watch?v=yIQBl1oUQbo
You just woke up and it’s actually Nov 9 2013. What do you do?,https://www.youtube.com/watch?v=n2Xt84Fgpts
Who are some exposed frauds that still have a following despite being debunked?,https://www.youtube.com/watch?v=HhGHddnU4qo
Women of Reddit what’s your worst experience with a medical professional who dismissed you just,https://www.youtube.com/watch?v=QsA0Cbxadw8
What small act of kindness were you once shown that you will never forget?,https://www.youtube.com/watch?v=yePi_zzmvHA
What are some foods that aren't as unhealthy as people make them out to be?,https://www.youtube.com/watch?v=93UFFBifMVE
Omegle.com has just been shut down. What are your best or worst memories using the site?,https://www.youtube.com/watch?v=skMflm4nGiI
What do women actually expect guys to do at bars?,https://www.youtube.com/watch?v=WzNF5sodQeI
What is a game you're positive no one knows or remembers?,https://www.youtube.com/watch?v=bRQlBeJE-2Q
What’s your favorite song that has no words?,https://www.youtube.com/watch?v=rvbov3agC38
What's the worst piece of tech you've ever owned?,https://www.youtube.com/watch?v=KrVlL2LCfGk
People who just said 'Fuck it' and did the thing how did it turn out?,https://www.youtube.com/watch?v=7ZuIDJqSfhY
What is the worst candy bar ever made that is still on store shelves today?,https://www.youtube.com/watch?v=biYb12uR6jQ
Who is a popular celebrity you just cannot find attractive?,https://www.youtube.com/watch?v=8QIJsLDxpmM
What is something weird or fucked up that your family did when you were growing up?,https://www.youtube.com/watch?v=dZe2qgkpXTk
What's something that is considered 'normal' now but won't be in 10+ years?,https://www.youtube.com/watch?v=VmyQqR5xdk4
What “unforgivable” act by a celebrity did the public seem to forget too easily?,https://www.youtube.com/watch?v=2Z8WsY04AnA
What celebrity death are you surprised hasn't happened yet?,https://www.youtube.com/watch?v=xcT-dirf2Dk
What are some signs that your married friend doesn’t have a good marriage?,https://www.youtube.com/watch?v=nNVp_wOtj20
What’s the first thing you do when you get into a hotel room?,https://www.youtube.com/watch?v=cdru7-Ui7Kw
What is the stupidest thing someone has told you with complete conviction?,https://www.youtube.com/watch?v=zfd-VxpXwrk
What is the strangest trend to come out of the past 10 years?,https://www.youtube.com/watch?v=M5SVGScdypo
Who is a successful singer but also not a very good singer?,https://www.youtube.com/watch?v=7DpGINmugKY
What is too expensive but you buy it anyway?,https://www.youtube.com/watch?v=6um8wfMb_bA
What’s the weirdest thing someone casually told you as if it were totally normal?,https://www.youtube.com/watch?v=ZsCQz2lAa2M
Guys do you avoid dating single moms if so why?,https://www.youtube.com/watch?v=WpUA46Dx8p0
What's something you wish more people knew?,https://www.youtube.com/watch?v=wn2dH_irgEQ
If you could call yourself five years ago and had 30 seconds what would you say?,https://www.youtube.com/watch?v=R6v-dPc5CuI
Have you ever gotten up and quit your job in the middle of a work shift? If so why?,https://www.youtube.com/watch?v=whW8hm6IuBQ
What's the most out-of-touch thing you've heard someone say?,https://www.youtube.com/watch?v=3mUo0pnSwDE
What's something that's illegal now but used to be perfectly normal?,https://www.youtube.com/watch?v=x5s45hi5QHE
What do rich people snack on?,https://www.youtube.com/watch?v=rKY8ZuIcwkk
What is the worst health advice you've been given?,https://www.youtube.com/watch?v=BhLiPkbW2WI
What is the most irritating dog breed to own?,https://www.youtube.com/watch?v=jclWiAjUibg
What are your thoughts on chiropractors?,https://www.youtube.com/watch?v=k074FfTKZwQ
What is the most historically significant event you witnessed IN PERSON?,https://www.youtube.com/watch?v=leveUov69SA
What are the craziest ways you’ve heard of people making money?,https://www.youtube.com/watch?v=qAz9fPyTplk
What are some of the most obvious double standards you see in the world?,https://www.youtube.com/watch?v=upwJxOaxqmw
What are the hardest jobs that surprisingly pay very poorly?,https://www.youtube.com/watch?v=jHvrVhsFypk
What's a masculine urge all guys have but normally don't talk about?,https://www.youtube.com/watch?v=KEH5b8eU2s4
According to your ex what exactly is wrong with you?,https://www.youtube.com/watch?v=eMrTcFjOOPo
What rock song is so terrible you can't believe it's popular?,https://www.youtube.com/watch?v=NA0gmZHC2SQ
What do you know isn't real but want badly for it to exist?,https://www.youtube.com/watch?v=LlAr-mNOeeI
What is the dumbest war in history?,https://www.youtube.com/watch?v=2aYMDKtFcX0
What are the most ridiculous beauty standards for either gender that just frustrate you?,https://www.youtube.com/watch?v=KyxrraDOigg
F*ck 'Money can't buy happiness' BS what did you buy that made you so much happier?,https://www.youtube.com/watch?v=5U7Kx7bQIwg
What do you think will your last words be?,https://www.youtube.com/watch?v=LGctEOKbyEA
What is something only shorter people know?,https://www.youtube.com/watch?v=xsBEAEWDvxM
Doctors of Reddit - what is your craziest story where a patient present with mild symptoms and...?,https://www.youtube.com/watch?v=fwt18DvdY-o
Forget drugs smoking and alcohol what is something BAD for your health people don't talk about?,https://www.youtube.com/watch?v=lsMMZAzxTSg
What's a song so terrible you can't believe it's popular?,https://www.youtube.com/watch?v=YxI3bdlTnok
What are freedoms many countries in the world have that the United States does not have?,https://www.youtube.com/watch?v=CiiJQZLTfdU
How can you tell a Redditor is under the age of 20?,https://www.youtube.com/watch?v=-ee1HWXYDMQ
If you were challenged to consume 20000 calories in a single day you will earn a billion dollars.,https://www.youtube.com/watch?v=g9FkWIXiiSQ
What is not for everyone but society acts like it is?,https://www.youtube.com/watch?v=ZOcrqTdAeXg
Who is the biggest fraud in history?,https://www.youtube.com/watch?v=2Zm-WoYdgWc
What is something that people perceive as dangerous but in actuality is pretty safe?,https://www.youtube.com/watch?v=FkpSb_X7FPg
How do men enhance their physical appearance?,https://www.youtube.com/watch?v=2U1NiIIUHFk
What is something you know is real but others don’t seem to believe in?,https://www.youtube.com/watch?v=GnmytepNaac
What famous person had the most undeserved fall from grace?,https://www.youtube.com/watch?v=ULFNsPVTVTY
What is something you have been searching for years and haven't found it yet?,https://www.youtube.com/watch?v=Fm9lLjb5YMo
What's a food nobody can ever convince you is any good?,https://www.youtube.com/watch?v=ceqe3nbK4-s
What is generally safe but can be fatal if not used correctly?,https://www.youtube.com/watch?v=4iVZ7VsxC5U
What’s an immediate red flag at a restaurant?,https://www.youtube.com/watch?v=LohE3ui9sxA
What would make you smile right now?,https://www.youtube.com/watch?v=M6YQI-yVewI
What is something you think Gen Z is doing right?,https://www.youtube.com/watch?v=TylghFBdqNs
What's the most bizarre 'house rule' you've encountered at someone else's home?,https://www.youtube.com/watch?v=UuC-AwvH7kk
What is the smallest hill you’ll die on?,https://www.youtube.com/watch?v=IpU-rCmBnTw
What comedy movie is a 10/10?,https://www.youtube.com/watch?v=6avDZsUZGE4
What’s an event in history that is so ridiculous it sounds fake?,https://www.youtube.com/watch?v=ZyX-Tekqw6Q
What have you always done but later found out was gross?,https://www.youtube.com/watch?v=yNh1gz2-h3Y
What is the adult version of finding out that Santa Claus doesn't exist?,https://www.youtube.com/watch?v=S-FHLs5aFUk
What's the scariest thing you have found out about someone from your childhood?,https://www.youtube.com/watch?v=kPR95im_ONo
What's the Weirdest Rebranding of all time?,https://www.youtube.com/watch?v=pOfwaJh1-KA
What needs to die out in 2024?,https://www.youtube.com/watch?v=3pzM0AovHjk
What college major do you think gets made fun of the most? Why?,https://www.youtube.com/watch?v=156hFYO4Ozc
What horror movie is a 10/10?,https://www.youtube.com/watch?v=mkHrEZJ9Lo0
What’s a dead giveaway that someone is not actually as wealthy as they claim?,https://www.youtube.com/watch?v=O-fSb57wXeQ
What are some signs that you are getting old?,https://www.youtube.com/watch?v=NSEj_Moktmc
What outdated slang do you still say to this day?,https://www.youtube.com/watch?v=nNKOOBOhqDY
What is one experience you think every single human should have?,https://www.youtube.com/watch?v=W_Wwpt6DGDE
What “that can’t happen to me” thing happened to you?,https://www.youtube.com/watch?v=yR9XJckf2Xo
What did you purchase as an adult because you could never have it as a child?,https://www.youtube.com/watch?v=mmRWMoQRmAk
What song do you consider listening to a form of torture?,https://www.youtube.com/watch?v=LdgX6jAghCU
What things have you noticed since losing 20-30 pounds?,https://www.youtube.com/watch?v=qQEPxOWhg-w
Which person had the worst downfall in the last 5 years?,https://www.youtube.com/watch?v=TUxBwoS5eHw
Which person who died too early in life had the most potential?,https://www.youtube.com/watch?v=tb25JRw34PU
Whats the worst candy to ever exist?,https://www.youtube.com/watch?v=jqdUeinW2aE
What's the most shocking secret someone has revealed to you?,https://www.youtube.com/watch?v=LoUUhJdyd30
Which product doesn't work as it should but people still buy it?,https://www.youtube.com/watch?v=zNLaXUuafIQ
What’s the creepiest unsolved mystery?,https://www.youtube.com/watch?v=kvGqsP1yUl0
What company will go out of business in the next 10 years?,https://www.youtube.com/watch?v=B0-OkLGj3Mo
What is something from your childhood that no longer exists now?,https://www.youtube.com/watch?v=V2_gsdO0YR4
What decision by a company received the most amount of backlash from the public?,https://www.youtube.com/watch?v=stPy0aF9sQk
What are baby names people think are classy but really aren't?,https://www.youtube.com/watch?v=yCTAVtOTwDI
Vegans that started eating meat again what happened?,https://www.youtube.com/watch?v=GuPxNGu_sKc
What modern food trend can you not wait to die?,https://www.youtube.com/watch?v=pMb3TfzfUHI
What’s the biggest example of from “genius” to “idiot” has there ever been?,https://www.youtube.com/watch?v=klPpCMaAG48
What did you think was normal about your body until someone pointed out that it wasn't?,https://www.youtube.com/watch?v=Z7VDMxwIs-M
What’s something you know is real / proven but still can’t wrap your head around it?,https://www.youtube.com/watch?v=OnnQdfZKgfk
What song breaks your heart everytime you listen to it?,https://www.youtube.com/watch?v=6u5oS-V-3B0
